Type,Name,Request Count,Failure Count,Median Response Time,Average Response Time,Min Response Time,Max Response Time,Average Content Size,Requests/s,Failures/s,50%,66%,75%,80%,90%,95%,98%,99%,99.9%,99.99%,100%
POST,/api/users,137,0,310.0,325.98228029210276,290.51780000008876,556.4494999998715,82.8029197080292,2.5128764794683036,0.0,310,320,330,330,350,430,540,550,560,560,560
GET,/api/users?page=2,105,0,66,71.87064000006232,46.99610000170651,203.55600000038976,1088.0,1.925927228789576,0.0,66,68,71,74,90,150,160,180,200,200,200
,Aggregated,242,0,300.0,215.72722975216786,46.99610000170651,556.4494999998715,518.9421487603306,4.438803708257879,0.0,300,310,320,320,330,350,500,540,560,560,560
